CUSTOMER_ID,CUSTOMER_NAME,SEGMENT
CUS-000,Customer 000,Enterprise
CUS-001,Customer 001,Enterprise
CUS-002,Customer 002,Enterprise
CUS-003,Customer 003,SMB
CUS-004,Customer 004,SMB
CUS-005,Customer 005,SMB
CUS-006,Customer 006,SMB
CUS-007,Customer 007,SMB
CUS-008,Customer 008,Government
CUS-009,Customer 009,Government
CUS-010,Customer 010,Enterprise
CUS-011,Customer 011,Enterprise
CUS-012,Customer 012,Enterprise
CUS-013,Customer 013,SMB
CUS-014,Customer 014,SMB
CUS-015,Customer 015,SMB
CUS-016,Customer 016,SMB
CUS-017,Customer 017,SMB
CUS-018,Customer 018,Government
CUS-019,Customer 019,Government
CUS-020,Customer 020,Enterprise
CUS-021,Customer 021,Enterprise
CUS-022,Customer 022,Enterprise
CUS-023,Customer 023,SMB
CUS-024,Customer 024,SMB
CUS-025,Customer 025,SMB
CUS-026,Customer 026,SMB
CUS-027,Customer 027,SMB
CUS-028,Customer 028,Government
CUS-029,Customer 029,Government
CUS-030,Customer 030,Enterprise
CUS-031,Customer 031,Enterprise
CUS-032,Customer 032,Enterprise
CUS-033,Customer 033,SMB
CUS-034,Customer 034,SMB
CUS-035,Customer 035,SMB
CUS-036,Customer 036,SMB
CUS-037,Customer 037,SMB
CUS-038,Customer 038,Government
CUS-039,Customer 039,Government
CUS-040,Customer 040,Enterprise
CUS-041,Customer 041,Enterprise
CUS-042,Customer 042,Enterprise
CUS-043,Customer 043,SMB
CUS-044,Customer 044,SMB
CUS-045,Customer 045,SMB
CUS-046,Customer 046,SMB
CUS-047,Customer 047,SMB
CUS-048,Customer 048,Government
CUS-049,Customer 049,Government
