PLANT_ID,CUSTOMER_ID
PLT-00,CUS-000
PLT-00,CUS-001
PLT-00,CUS-002
PLT-00,CUS-003
PLT-00,CUS-004
PLT-00,CUS-005
PLT-00,CUS-006
PLT-00,CUS-007
PLT-00,CUS-008
PLT-00,CUS-009
PLT-00,CUS-010
PLT-00,CUS-011
PLT-00,CUS-012
PLT-00,CUS-013
PLT-00,CUS-014
PLT-00,CUS-015
PLT-00,CUS-016
PLT-00,CUS-017
PLT-00,CUS-018
PLT-00,CUS-019
PLT-00,CUS-020
PLT-00,CUS-021
PLT-00,CUS-022
PLT-00,CUS-023
PLT-00,CUS-024
PLT-00,CUS-025
PLT-00,CUS-026
PLT-00,CUS-027
PLT-00,CUS-028
PLT-00,CUS-029
PLT-00,CUS-030
PLT-00,CUS-031
PLT-00,CUS-032
PLT-00,CUS-033
PLT-00,CUS-034
PLT-00,CUS-035
PLT-00,CUS-036
PLT-00,CUS-037
PLT-00,CUS-038
PLT-00,CUS-039
PLT-00,CUS-040
PLT-00,CUS-041
PLT-00,CUS-042
PLT-00,CUS-043
PLT-00,CUS-044
PLT-00,CUS-045
PLT-00,CUS-046
PLT-00,CUS-047
PLT-00,CUS-048
PLT-00,CUS-049
PLT-01,CUS-000
PLT-01,CUS-001
PLT-01,CUS-002
PLT-01,CUS-003
PLT-01,CUS-004
PLT-01,CUS-005
PLT-01,CUS-006
PLT-01,CUS-007
PLT-01,CUS-008
PLT-01,CUS-009
PLT-01,CUS-010
PLT-01,CUS-011
PLT-01,CUS-012
PLT-01,CUS-013
PLT-01,CUS-014
PLT-01,CUS-015
PLT-01,CUS-016
PLT-01,CUS-017
PLT-01,CUS-018
PLT-01,CUS-019
PLT-01,CUS-020
PLT-01,CUS-021
PLT-01,CUS-022
PLT-01,CUS-023
PLT-01,CUS-024
PLT-01,CUS-025
PLT-01,CUS-026
PLT-01,CUS-027
PLT-01,CUS-028
PLT-01,CUS-029
PLT-01,CUS-030
PLT-01,CUS-031
PLT-01,CUS-032
PLT-01,CUS-033
PLT-01,CUS-034
PLT-01,CUS-035
PLT-01,CUS-036
PLT-01,CUS-037
PLT-01,CUS-038
PLT-01,CUS-039
PLT-01,CUS-040
PLT-01,CUS-041
PLT-01,CUS-042
PLT-01,CUS-043
PLT-01,CUS-044
PLT-01,CUS-045
PLT-01,CUS-046
PLT-01,CUS-047
PLT-01,CUS-048
PLT-01,CUS-049
PLT-02,CUS-000
PLT-02,CUS-001
PLT-02,CUS-002
PLT-02,CUS-003
PLT-02,CUS-004
PLT-02,CUS-005
PLT-02,CUS-006
PLT-02,CUS-007
PLT-02,CUS-008
PLT-02,CUS-009
PLT-02,CUS-010
PLT-02,CUS-011
PLT-02,CUS-012
PLT-02,CUS-013
PLT-02,CUS-014
PLT-02,CUS-015
PLT-02,CUS-016
PLT-02,CUS-017
PLT-02,CUS-018
PLT-02,CUS-019
PLT-02,CUS-020
PLT-02,CUS-021
PLT-02,CUS-022
PLT-02,CUS-023
PLT-02,CUS-024
PLT-02,CUS-025
PLT-02,CUS-026
PLT-02,CUS-027
PLT-02,CUS-028
PLT-02,CUS-029
PLT-02,CUS-030
PLT-02,CUS-031
PLT-02,CUS-032
PLT-02,CUS-033
PLT-02,CUS-034
PLT-02,CUS-035
PLT-02,CUS-036
PLT-02,CUS-037
PLT-02,CUS-038
PLT-02,CUS-039
PLT-02,CUS-040
PLT-02,CUS-041
PLT-02,CUS-042
PLT-02,CUS-043
PLT-02,CUS-044
PLT-02,CUS-045
PLT-02,CUS-046
PLT-02,CUS-047
PLT-02,CUS-048
PLT-02,CUS-049
PLT-03,CUS-000
PLT-03,CUS-001
PLT-03,CUS-002
PLT-03,CUS-003
PLT-03,CUS-004
PLT-03,CUS-005
PLT-03,CUS-006
PLT-03,CUS-007
PLT-03,CUS-008
PLT-03,CUS-009
PLT-03,CUS-010
PLT-03,CUS-011
PLT-03,CUS-012
PLT-03,CUS-013
PLT-03,CUS-014
PLT-03,CUS-015
PLT-03,CUS-016
PLT-03,CUS-017
PLT-03,CUS-018
PLT-03,CUS-019
PLT-03,CUS-020
PLT-03,CUS-021
PLT-03,CUS-022
PLT-03,CUS-023
PLT-03,CUS-024
PLT-03,CUS-025
PLT-03,CUS-026
PLT-03,CUS-027
PLT-03,CUS-028
PLT-03,CUS-029
PLT-03,CUS-030
PLT-03,CUS-031
PLT-03,CUS-032
PLT-03,CUS-033
PLT-03,CUS-034
PLT-03,CUS-035
PLT-03,CUS-036
PLT-03,CUS-037
PLT-03,CUS-038
PLT-03,CUS-039
PLT-03,CUS-040
PLT-03,CUS-041
PLT-03,CUS-042
PLT-03,CUS-043
PLT-03,CUS-044
PLT-03,CUS-045
PLT-03,CUS-046
PLT-03,CUS-047
PLT-03,CUS-048
PLT-03,CUS-049
PLT-04,CUS-000
PLT-04,CUS-001
PLT-04,CUS-002
PLT-04,CUS-003
PLT-04,CUS-004
PLT-04,CUS-005
PLT-04,CUS-006
PLT-04,CUS-007
PLT-04,CUS-008
PLT-04,CUS-009
PLT-04,CUS-010
PLT-04,CUS-011
PLT-04,CUS-012
PLT-04,CUS-013
PLT-04,CUS-014
PLT-04,CUS-015
PLT-04,CUS-016
PLT-04,CUS-017
PLT-04,CUS-018
PLT-04,CUS-019
PLT-04,CUS-020
PLT-04,CUS-021
PLT-04,CUS-022
PLT-04,CUS-023
PLT-04,CUS-024
PLT-04,CUS-025
PLT-04,CUS-026
PLT-04,CUS-027
PLT-04,CUS-028
PLT-04,CUS-029
PLT-04,CUS-030
PLT-04,CUS-031
PLT-04,CUS-032
PLT-04,CUS-033
PLT-04,CUS-034
PLT-04,CUS-035
PLT-04,CUS-036
PLT-04,CUS-037
PLT-04,CUS-038
PLT-04,CUS-039
PLT-04,CUS-040
PLT-04,CUS-041
PLT-04,CUS-042
PLT-04,CUS-043
PLT-04,CUS-044
PLT-04,CUS-045
PLT-04,CUS-046
PLT-04,CUS-047
PLT-04,CUS-048
PLT-04,CUS-049
PLT-05,CUS-000
PLT-05,CUS-001
PLT-05,CUS-002
PLT-05,CUS-003
PLT-05,CUS-004
PLT-05,CUS-005
PLT-05,CUS-006
PLT-05,CUS-007
PLT-05,CUS-008
PLT-05,CUS-009
PLT-05,CUS-010
PLT-05,CUS-011
PLT-05,CUS-012
PLT-05,CUS-013
PLT-05,CUS-014
PLT-05,CUS-015
PLT-05,CUS-016
PLT-05,CUS-017
PLT-05,CUS-018
PLT-05,CUS-019
PLT-05,CUS-020
PLT-05,CUS-021
PLT-05,CUS-022
PLT-05,CUS-023
PLT-05,CUS-024
PLT-05,CUS-025
PLT-05,CUS-026
PLT-05,CUS-027
PLT-05,CUS-028
PLT-05,CUS-029
PLT-05,CUS-030
PLT-05,CUS-031
PLT-05,CUS-032
PLT-05,CUS-033
PLT-05,CUS-034
PLT-05,CUS-035
PLT-05,CUS-036
PLT-05,CUS-037
PLT-05,CUS-038
PLT-05,CUS-039
PLT-05,CUS-040
PLT-05,CUS-041
PLT-05,CUS-042
PLT-05,CUS-043
PLT-05,CUS-044
PLT-05,CUS-045
PLT-05,CUS-046
PLT-05,CUS-047
PLT-05,CUS-048
PLT-05,CUS-049
PLT-06,CUS-000
PLT-06,CUS-001
PLT-06,CUS-002
PLT-06,CUS-003
PLT-06,CUS-004
PLT-06,CUS-005
PLT-06,CUS-006
PLT-06,CUS-007
PLT-06,CUS-008
PLT-06,CUS-009
PLT-06,CUS-010
PLT-06,CUS-011
PLT-06,CUS-012
PLT-06,CUS-013
PLT-06,CUS-014
PLT-06,CUS-015
PLT-06,CUS-016
PLT-06,CUS-017
PLT-06,CUS-018
PLT-06,CUS-019
PLT-06,CUS-020
PLT-06,CUS-021
PLT-06,CUS-022
PLT-06,CUS-023
PLT-06,CUS-024
PLT-06,CUS-025
PLT-06,CUS-026
PLT-06,CUS-027
PLT-06,CUS-028
PLT-06,CUS-029
PLT-06,CUS-030
PLT-06,CUS-031
PLT-06,CUS-032
PLT-06,CUS-033
PLT-06,CUS-034
PLT-06,CUS-035
PLT-06,CUS-036
PLT-06,CUS-037
PLT-06,CUS-038
PLT-06,CUS-039
PLT-06,CUS-040
PLT-06,CUS-041
PLT-06,CUS-042
PLT-06,CUS-043
PLT-06,CUS-044
PLT-06,CUS-045
PLT-06,CUS-046
PLT-06,CUS-047
PLT-06,CUS-048
PLT-06,CUS-049
PLT-07,CUS-000
PLT-07,CUS-001
PLT-07,CUS-002
PLT-07,CUS-003
PLT-07,CUS-004
PLT-07,CUS-005
PLT-07,CUS-006
PLT-07,CUS-007
PLT-07,CUS-008
PLT-07,CUS-009
PLT-07,CUS-010
PLT-07,CUS-011
PLT-07,CUS-012
PLT-07,CUS-013
PLT-07,CUS-014
PLT-07,CUS-015
PLT-07,CUS-016
PLT-07,CUS-017
PLT-07,CUS-018
PLT-07,CUS-019
PLT-07,CUS-020
PLT-07,CUS-021
PLT-07,CUS-022
PLT-07,CUS-023
PLT-07,CUS-024
PLT-07,CUS-025
PLT-07,CUS-026
PLT-07,CUS-027
PLT-07,CUS-028
PLT-07,CUS-029
PLT-07,CUS-030
PLT-07,CUS-031
PLT-07,CUS-032
PLT-07,CUS-033
PLT-07,CUS-034
PLT-07,CUS-035
PLT-07,CUS-036
PLT-07,CUS-037
PLT-07,CUS-038
PLT-07,CUS-039
PLT-07,CUS-040
PLT-07,CUS-041
PLT-07,CUS-042
PLT-07,CUS-043
PLT-07,CUS-044
PLT-07,CUS-045
PLT-07,CUS-046
PLT-07,CUS-047
PLT-07,CUS-048
PLT-07,CUS-049
PLT-08,CUS-000
PLT-08,CUS-001
PLT-08,CUS-002
PLT-08,CUS-003
PLT-08,CUS-004
PLT-08,CUS-005
PLT-08,CUS-006
PLT-08,CUS-007
PLT-08,CUS-008
PLT-08,CUS-009
PLT-08,CUS-010
PLT-08,CUS-011
PLT-08,CUS-012
PLT-08,CUS-013
PLT-08,CUS-014
PLT-08,CUS-015
PLT-08,CUS-016
PLT-08,CUS-017
PLT-08,CUS-018
PLT-08,CUS-019
PLT-08,CUS-020
PLT-08,CUS-021
PLT-08,CUS-022
PLT-08,CUS-023
PLT-08,CUS-024
PLT-08,CUS-025
PLT-08,CUS-026
PLT-08,CUS-027
PLT-08,CUS-028
PLT-08,CUS-029
PLT-08,CUS-030
PLT-08,CUS-031
PLT-08,CUS-032
PLT-08,CUS-033
PLT-08,CUS-034
PLT-08,CUS-035
PLT-08,CUS-036
PLT-08,CUS-037
PLT-08,CUS-038
PLT-08,CUS-039
PLT-08,CUS-040
PLT-08,CUS-041
PLT-08,CUS-042
PLT-08,CUS-043
PLT-08,CUS-044
PLT-08,CUS-045
PLT-08,CUS-046
PLT-08,CUS-047
PLT-08,CUS-048
PLT-08,CUS-049
PLT-09,CUS-000
PLT-09,CUS-001
PLT-09,CUS-002
PLT-09,CUS-003
PLT-09,CUS-004
PLT-09,CUS-005
PLT-09,CUS-006
PLT-09,CUS-007
PLT-09,CUS-008
PLT-09,CUS-009
PLT-09,CUS-010
PLT-09,CUS-011
PLT-09,CUS-012
PLT-09,CUS-013
PLT-09,CUS-014
PLT-09,CUS-015
PLT-09,CUS-016
PLT-09,CUS-017
PLT-09,CUS-018
PLT-09,CUS-019
PLT-09,CUS-020
PLT-09,CUS-021
PLT-09,CUS-022
PLT-09,CUS-023
PLT-09,CUS-024
PLT-09,CUS-025
PLT-09,CUS-026
PLT-09,CUS-027
PLT-09,CUS-028
PLT-09,CUS-029
PLT-09,CUS-030
PLT-09,CUS-031
PLT-09,CUS-032
PLT-09,CUS-033
PLT-09,CUS-034
PLT-09,CUS-035
PLT-09,CUS-036
PLT-09,CUS-037
PLT-09,CUS-038
PLT-09,CUS-039
PLT-09,CUS-040
PLT-09,CUS-041
PLT-09,CUS-042
PLT-09,CUS-043
PLT-09,CUS-044
PLT-09,CUS-045
PLT-09,CUS-046
PLT-09,CUS-047
PLT-09,CUS-048
PLT-09,CUS-049
