SUPPLIER_ID,SUPPLIER_NAME,REGION,COUNTRY
SUP-000,Supplier 000,APAC,China
SUP-001,Supplier 001,EMEA,Germany
SUP-002,Supplier 002,NA,USA
SUP-003,Supplier 003,APAC,Japan
SUP-004,Supplier 004,APAC,India
SUP-005,Supplier 005,LATAM,Mexico
SUP-006,Supplier 006,LATAM,Brazil
SUP-007,Supplier 007,APAC,South Korea
SUP-008,Supplier 008,APAC,Taiwan
SUP-009,Supplier 009,APAC,Vietnam
SUP-010,Supplier 010,APAC,China
SUP-011,Supplier 011,EMEA,Germany
SUP-012,Supplier 012,NA,USA
SUP-013,Supplier 013,APAC,Japan
SUP-014,Supplier 014,APAC,India
SUP-015,Supplier 015,LATAM,Mexico
SUP-016,Supplier 016,LATAM,Brazil
SUP-017,Supplier 017,APAC,South Korea
SUP-018,Supplier 018,APAC,Taiwan
SUP-019,Supplier 019,APAC,Vietnam
SUP-020,Supplier 020,APAC,China
SUP-021,Supplier 021,EMEA,Germany
SUP-022,Supplier 022,NA,USA
SUP-023,Supplier 023,APAC,Japan
SUP-024,Supplier 024,APAC,India
SUP-025,Supplier 025,LATAM,Mexico
SUP-026,Supplier 026,LATAM,Brazil
SUP-027,Supplier 027,APAC,South Korea
SUP-028,Supplier 028,APAC,Taiwan
SUP-029,Supplier 029,APAC,Vietnam
SUP-030,Supplier 030,APAC,China
SUP-031,Supplier 031,EMEA,Germany
SUP-032,Supplier 032,NA,USA
SUP-033,Supplier 033,APAC,Japan
SUP-034,Supplier 034,APAC,India
SUP-035,Supplier 035,LATAM,Mexico
SUP-036,Supplier 036,LATAM,Brazil
SUP-037,Supplier 037,APAC,South Korea
SUP-038,Supplier 038,APAC,Taiwan
SUP-039,Supplier 039,APAC,Vietnam
SUP-040,Supplier 040,APAC,China
SUP-041,Supplier 041,EMEA,Germany
SUP-042,Supplier 042,NA,USA
SUP-043,Supplier 043,APAC,Japan
SUP-044,Supplier 044,APAC,India
SUP-045,Supplier 045,LATAM,Mexico
SUP-046,Supplier 046,LATAM,Brazil
SUP-047,Supplier 047,APAC,South Korea
SUP-048,Supplier 048,APAC,Taiwan
SUP-049,Supplier 049,APAC,Vietnam
