SUPPLIER_ID,PLANT_ID
SUP-000,PLT-00
SUP-000,PLT-01
SUP-000,PLT-02
SUP-000,PLT-03
SUP-000,PLT-04
SUP-000,PLT-05
SUP-000,PLT-06
SUP-000,PLT-07
SUP-000,PLT-08
SUP-000,PLT-09
SUP-001,PLT-00
SUP-001,PLT-01
SUP-001,PLT-02
SUP-001,PLT-03
SUP-001,PLT-04
SUP-001,PLT-05
SUP-001,PLT-06
SUP-001,PLT-07
SUP-001,PLT-08
SUP-001,PLT-09
SUP-002,PLT-00
SUP-002,PLT-01
SUP-002,PLT-02
SUP-002,PLT-03
SUP-002,PLT-04
SUP-002,PLT-05
SUP-002,PLT-06
SUP-002,PLT-07
SUP-002,PLT-08
SUP-002,PLT-09
SUP-003,PLT-00
SUP-003,PLT-01
SUP-003,PLT-02
SUP-003,PLT-03
SUP-003,PLT-04
SUP-003,PLT-05
SUP-003,PLT-06
SUP-003,PLT-07
SUP-003,PLT-08
SUP-003,PLT-09
SUP-004,PLT-00
SUP-004,PLT-01
SUP-004,PLT-02
SUP-004,PLT-03
SUP-004,PLT-04
SUP-004,PLT-05
SUP-004,PLT-06
SUP-004,PLT-07
SUP-004,PLT-08
SUP-004,PLT-09
SUP-005,PLT-00
SUP-005,PLT-01
SUP-005,PLT-02
SUP-005,PLT-03
SUP-005,PLT-04
SUP-005,PLT-05
SUP-005,PLT-06
SUP-005,PLT-07
SUP-005,PLT-08
SUP-005,PLT-09
SUP-006,PLT-00
SUP-006,PLT-01
SUP-006,PLT-02
SUP-006,PLT-03
SUP-006,PLT-04
SUP-006,PLT-05
SUP-006,PLT-06
SUP-006,PLT-07
SUP-006,PLT-08
SUP-006,PLT-09
SUP-007,PLT-00
SUP-007,PLT-01
SUP-007,PLT-02
SUP-007,PLT-03
SUP-007,PLT-04
SUP-007,PLT-05
SUP-007,PLT-06
SUP-007,PLT-07
SUP-007,PLT-08
SUP-007,PLT-09
SUP-008,PLT-00
SUP-008,PLT-01
SUP-008,PLT-02
SUP-008,PLT-03
SUP-008,PLT-04
SUP-008,PLT-05
SUP-008,PLT-06
SUP-008,PLT-07
SUP-008,PLT-08
SUP-008,PLT-09
SUP-009,PLT-00
SUP-009,PLT-01
SUP-009,PLT-02
SUP-009,PLT-03
SUP-009,PLT-04
SUP-009,PLT-05
SUP-009,PLT-06
SUP-009,PLT-07
SUP-009,PLT-08
SUP-009,PLT-09
SUP-010,PLT-00
SUP-010,PLT-01
SUP-010,PLT-02
SUP-010,PLT-03
SUP-010,PLT-04
SUP-010,PLT-05
SUP-010,PLT-06
SUP-010,PLT-07
SUP-010,PLT-08
SUP-010,PLT-09
SUP-011,PLT-00
SUP-011,PLT-01
SUP-011,PLT-02
SUP-011,PLT-03
SUP-011,PLT-04
SUP-011,PLT-05
SUP-011,PLT-06
SUP-011,PLT-07
SUP-011,PLT-08
SUP-011,PLT-09
SUP-012,PLT-00
SUP-012,PLT-01
SUP-012,PLT-02
SUP-012,PLT-03
SUP-012,PLT-04
SUP-012,PLT-05
SUP-012,PLT-06
SUP-012,PLT-07
SUP-012,PLT-08
SUP-012,PLT-09
SUP-013,PLT-00
SUP-013,PLT-01
SUP-013,PLT-02
SUP-013,PLT-03
SUP-013,PLT-04
SUP-013,PLT-05
SUP-013,PLT-06
SUP-013,PLT-07
SUP-013,PLT-08
SUP-013,PLT-09
SUP-014,PLT-00
SUP-014,PLT-01
SUP-014,PLT-02
SUP-014,PLT-03
SUP-014,PLT-04
SUP-014,PLT-05
SUP-014,PLT-06
SUP-014,PLT-07
SUP-014,PLT-08
SUP-014,PLT-09
SUP-015,PLT-00
SUP-015,PLT-01
SUP-015,PLT-02
SUP-015,PLT-03
SUP-015,PLT-04
SUP-015,PLT-05
SUP-015,PLT-06
SUP-015,PLT-07
SUP-015,PLT-08
SUP-015,PLT-09
SUP-016,PLT-00
SUP-016,PLT-01
SUP-016,PLT-02
SUP-016,PLT-03
SUP-016,PLT-04
SUP-016,PLT-05
SUP-016,PLT-06
SUP-016,PLT-07
SUP-016,PLT-08
SUP-016,PLT-09
SUP-017,PLT-00
SUP-017,PLT-01
SUP-017,PLT-02
SUP-017,PLT-03
SUP-017,PLT-04
SUP-017,PLT-05
SUP-017,PLT-06
SUP-017,PLT-07
SUP-017,PLT-08
SUP-017,PLT-09
SUP-018,PLT-00
SUP-018,PLT-01
SUP-018,PLT-02
SUP-018,PLT-03
SUP-018,PLT-04
SUP-018,PLT-05
SUP-018,PLT-06
SUP-018,PLT-07
SUP-018,PLT-08
SUP-018,PLT-09
SUP-019,PLT-00
SUP-019,PLT-01
SUP-019,PLT-02
SUP-019,PLT-03
SUP-019,PLT-04
SUP-019,PLT-05
SUP-019,PLT-06
SUP-019,PLT-07
SUP-019,PLT-08
SUP-019,PLT-09
SUP-020,PLT-00
SUP-020,PLT-01
SUP-020,PLT-02
SUP-020,PLT-03
SUP-020,PLT-04
SUP-020,PLT-05
SUP-020,PLT-06
SUP-020,PLT-07
SUP-020,PLT-08
SUP-020,PLT-09
SUP-021,PLT-00
SUP-021,PLT-01
SUP-021,PLT-02
SUP-021,PLT-03
SUP-021,PLT-04
SUP-021,PLT-05
SUP-021,PLT-06
SUP-021,PLT-07
SUP-021,PLT-08
SUP-021,PLT-09
SUP-022,PLT-00
SUP-022,PLT-01
SUP-022,PLT-02
SUP-022,PLT-03
SUP-022,PLT-04
SUP-022,PLT-05
SUP-022,PLT-06
SUP-022,PLT-07
SUP-022,PLT-08
SUP-022,PLT-09
SUP-023,PLT-00
SUP-023,PLT-01
SUP-023,PLT-02
SUP-023,PLT-03
SUP-023,PLT-04
SUP-023,PLT-05
SUP-023,PLT-06
SUP-023,PLT-07
SUP-023,PLT-08
SUP-023,PLT-09
SUP-024,PLT-00
SUP-024,PLT-01
SUP-024,PLT-02
SUP-024,PLT-03
SUP-024,PLT-04
SUP-024,PLT-05
SUP-024,PLT-06
SUP-024,PLT-07
SUP-024,PLT-08
SUP-024,PLT-09
SUP-025,PLT-00
SUP-025,PLT-01
SUP-025,PLT-02
SUP-025,PLT-03
SUP-025,PLT-04
SUP-025,PLT-05
SUP-025,PLT-06
SUP-025,PLT-07
SUP-025,PLT-08
SUP-025,PLT-09
SUP-026,PLT-00
SUP-026,PLT-01
SUP-026,PLT-02
SUP-026,PLT-03
SUP-026,PLT-04
SUP-026,PLT-05
SUP-026,PLT-06
SUP-026,PLT-07
SUP-026,PLT-08
SUP-026,PLT-09
SUP-027,PLT-00
SUP-027,PLT-01
SUP-027,PLT-02
SUP-027,PLT-03
SUP-027,PLT-04
SUP-027,PLT-05
SUP-027,PLT-06
SUP-027,PLT-07
SUP-027,PLT-08
SUP-027,PLT-09
SUP-028,PLT-00
SUP-028,PLT-01
SUP-028,PLT-02
SUP-028,PLT-03
SUP-028,PLT-04
SUP-028,PLT-05
SUP-028,PLT-06
SUP-028,PLT-07
SUP-028,PLT-08
SUP-028,PLT-09
SUP-029,PLT-00
SUP-029,PLT-01
SUP-029,PLT-02
SUP-029,PLT-03
SUP-029,PLT-04
SUP-029,PLT-05
SUP-029,PLT-06
SUP-029,PLT-07
SUP-029,PLT-08
SUP-029,PLT-09
SUP-030,PLT-00
SUP-030,PLT-01
SUP-030,PLT-02
SUP-030,PLT-03
SUP-030,PLT-04
SUP-030,PLT-05
SUP-030,PLT-06
SUP-030,PLT-07
SUP-030,PLT-08
SUP-030,PLT-09
SUP-031,PLT-00
SUP-031,PLT-01
SUP-031,PLT-02
SUP-031,PLT-03
SUP-031,PLT-04
SUP-031,PLT-05
SUP-031,PLT-06
SUP-031,PLT-07
SUP-031,PLT-08
SUP-031,PLT-09
SUP-032,PLT-00
SUP-032,PLT-01
SUP-032,PLT-02
SUP-032,PLT-03
SUP-032,PLT-04
SUP-032,PLT-05
SUP-032,PLT-06
SUP-032,PLT-07
SUP-032,PLT-08
SUP-032,PLT-09
SUP-033,PLT-00
SUP-033,PLT-01
SUP-033,PLT-02
SUP-033,PLT-03
SUP-033,PLT-04
SUP-033,PLT-05
SUP-033,PLT-06
SUP-033,PLT-07
SUP-033,PLT-08
SUP-033,PLT-09
SUP-034,PLT-00
SUP-034,PLT-01
SUP-034,PLT-02
SUP-034,PLT-03
SUP-034,PLT-04
SUP-034,PLT-05
SUP-034,PLT-06
SUP-034,PLT-07
SUP-034,PLT-08
SUP-034,PLT-09
SUP-035,PLT-00
SUP-035,PLT-01
SUP-035,PLT-02
SUP-035,PLT-03
SUP-035,PLT-04
SUP-035,PLT-05
SUP-035,PLT-06
SUP-035,PLT-07
SUP-035,PLT-08
SUP-035,PLT-09
SUP-036,PLT-00
SUP-036,PLT-01
SUP-036,PLT-02
SUP-036,PLT-03
SUP-036,PLT-04
SUP-036,PLT-05
SUP-036,PLT-06
SUP-036,PLT-07
SUP-036,PLT-08
SUP-036,PLT-09
SUP-037,PLT-00
SUP-037,PLT-01
SUP-037,PLT-02
SUP-037,PLT-03
SUP-037,PLT-04
SUP-037,PLT-05
SUP-037,PLT-06
SUP-037,PLT-07
SUP-037,PLT-08
SUP-037,PLT-09
SUP-038,PLT-00
SUP-038,PLT-01
SUP-038,PLT-02
SUP-038,PLT-03
SUP-038,PLT-04
SUP-038,PLT-05
SUP-038,PLT-06
SUP-038,PLT-07
SUP-038,PLT-08
SUP-038,PLT-09
SUP-039,PLT-00
SUP-039,PLT-01
SUP-039,PLT-02
SUP-039,PLT-03
SUP-039,PLT-04
SUP-039,PLT-05
SUP-039,PLT-06
SUP-039,PLT-07
SUP-039,PLT-08
SUP-039,PLT-09
SUP-040,PLT-00
SUP-040,PLT-01
SUP-040,PLT-02
SUP-040,PLT-03
SUP-040,PLT-04
SUP-040,PLT-05
SUP-040,PLT-06
SUP-040,PLT-07
SUP-040,PLT-08
SUP-040,PLT-09
SUP-041,PLT-00
SUP-041,PLT-01
SUP-041,PLT-02
SUP-041,PLT-03
SUP-041,PLT-04
SUP-041,PLT-05
SUP-041,PLT-06
SUP-041,PLT-07
SUP-041,PLT-08
SUP-041,PLT-09
SUP-042,PLT-00
SUP-042,PLT-01
SUP-042,PLT-02
SUP-042,PLT-03
SUP-042,PLT-04
SUP-042,PLT-05
SUP-042,PLT-06
SUP-042,PLT-07
SUP-042,PLT-08
SUP-042,PLT-09
SUP-043,PLT-00
SUP-043,PLT-01
SUP-043,PLT-02
SUP-043,PLT-03
SUP-043,PLT-04
SUP-043,PLT-05
SUP-043,PLT-06
SUP-043,PLT-07
SUP-043,PLT-08
SUP-043,PLT-09
SUP-044,PLT-00
SUP-044,PLT-01
SUP-044,PLT-02
SUP-044,PLT-03
SUP-044,PLT-04
SUP-044,PLT-05
SUP-044,PLT-06
SUP-044,PLT-07
SUP-044,PLT-08
SUP-044,PLT-09
SUP-045,PLT-00
SUP-045,PLT-01
SUP-045,PLT-02
SUP-045,PLT-03
SUP-045,PLT-04
SUP-045,PLT-05
SUP-045,PLT-06
SUP-045,PLT-07
SUP-045,PLT-08
SUP-045,PLT-09
SUP-046,PLT-00
SUP-046,PLT-01
SUP-046,PLT-02
SUP-046,PLT-03
SUP-046,PLT-04
SUP-046,PLT-05
SUP-046,PLT-06
SUP-046,PLT-07
SUP-046,PLT-08
SUP-046,PLT-09
SUP-047,PLT-00
SUP-047,PLT-01
SUP-047,PLT-02
SUP-047,PLT-03
SUP-047,PLT-04
SUP-047,PLT-05
SUP-047,PLT-06
SUP-047,PLT-07
SUP-047,PLT-08
SUP-047,PLT-09
SUP-048,PLT-00
SUP-048,PLT-01
SUP-048,PLT-02
SUP-048,PLT-03
SUP-048,PLT-04
SUP-048,PLT-05
SUP-048,PLT-06
SUP-048,PLT-07
SUP-048,PLT-08
SUP-048,PLT-09
SUP-049,PLT-00
SUP-049,PLT-01
SUP-049,PLT-02
SUP-049,PLT-03
SUP-049,PLT-04
SUP-049,PLT-05
SUP-049,PLT-06
SUP-049,PLT-07
SUP-049,PLT-08
SUP-049,PLT-09
